{
  "project_info": {
    "project_number": "876110115994",
    "firebase_url": "https://empreguete-90097.firebaseio.com",
    "project_id": "empreguete-90097",
    "storage_bucket": "empreguete-90097.appspot.com"
  },
  "client": [
    {
      "client_info": {
        "mobilesdk_app_id": "1:876110115994:android:215a615b81a12130511b23",
        "android_client_info": {
          "package_name": "com.example.tipsandtricks"
        }
      },
      "oauth_client": [
        {
          "client_id": "876110115994-nt6t5sfce7h9kqbef25bbuo7de2lae50.apps.googleusercontent.com",
          "client_type": 3
        }
      ],
      "api_key": [
        {
          "current_key": "AIzaSyAS4A7rWZHrCDX7-BQE5CluoeqTdcemrnI"
        }
      ],
      "services": {
        "appinvite_service": {
          "other_platform_oauth_client": [
            {
              "client_id": "876110115994-nt6t5sfce7h9kqbef25bbuo7de2lae50.apps.googleusercontent.com",
              "client_type": 3
            }
          ]
        }
      }
    }
  ],
  "configuration_version": "1"
}